{"nm":"Main Scene","ddd":0,"h":500,"w":500,"meta":{"g":"@lottiefiles/creator 1.44.0"},"layers":[{"ty":0,"nm":"SockFish","sr":1,"st":0,"op":60,"ip":0,"hd":false,"ddd":0,"bm":0,"hasMask":false,"td":1,"ao":0,"ks":{"a":{"a":0,"k":[284.4541002222761,252.99001904673977]},"s":{"a":1,"k":[{"o":{"x":0.167,"y":0.167},"i":{"x":0.833,"y":0.833},"s":[100,100],"t":52},{"o":{"x":0.167,"y":0.167},"i":{"x":0.833,"y":0.833},"s":[300,300],"t":53},{"o":{"x":0.167,"y":0.167},"i":{"x":0.833,"y":0.833},"s":[500,500],"t":54},{"o":{"x":0.167,"y":0.167},"i":{"x":0.833,"y":0.833},"s":[1000,1000],"t":55},{"o":{"x":0.167,"y":0.167},"i":{"x":0.833,"y":0.833},"s":[2000,2000],"t":56},{"s":[3000,3999],"t":57}]},"sk":{"a":0,"k":0},"p":{"a":0,"k":[284.4541002222761,252.99001904673977]},"r":{"a":0,"k":0},"sa":{"a":0,"k":0},"o":{"a":0,"k":100}},"w":500,"h":500,"refId":"precomp_newScene_a141e3c3-45e3-495d-9e52-5fb171859c5c","ind":1},{"ty":4,"nm":"InnerCircle","sr":1,"st":0,"op":150,"ip":0,"hd":false,"ddd":0,"bm":0,"tt":2,"hasMask":false,"ao":0,"ks":{"a":{"a":0,"k":[0,0]},"s":{"a":1,"k":[{"o":{"x":0.167,"y":0.167},"i":{"x":0.833,"y":0.833},"s":[104.9088,104.9088],"t":51},{"s":[600,600],"t":59}]},"sk":{"a":0,"k":0},"p":{"a":1,"k":[{"o":{"x":0.167,"y":0.167},"i":{"x":0.833,"y":0.833},"s":[332.664,320.5183],"t":0},{"o":{"x":0.167,"y":0.167},"i":{"x":0.833,"y":0.833},"s":[373.9586,237.371],"t":6},{"o":{"x":0.167,"y":0.167},"i":{"x":0.833,"y":0.833},"s":[203.7577,149.7594],"t":13},{"o":{"x":0.167,"y":0.167},"i":{"x":0.833,"y":0.833},"s":[141.2577,311.5898],"t":24},{"o":{"x":0.167,"y":0.167},"i":{"x":0.833,"y":0.833},"s":[332.664,260.2505],"t":40},{"o":{"x":0.167,"y":0.167},"i":{"x":0.833,"y":0.833},"s":[264.0256,241.2773],"t":48},{"s":[260.6774,240.1612],"t":51}]},"r":{"a":0,"k":0},"sa":{"a":0,"k":0},"o":{"a":0,"k":100}},"shapes":[{"ty":"el","bm":0,"hd":false,"nm":"Ellipse Path 1","d":1,"p":{"a":0,"k":[0,0]},"s":{"a":0,"k":[146,146]}},{"ty":"fl","bm":0,"hd":false,"nm":"Fill","c":{"a":0,"k":[0.3333,0.6863,0.9059]},"r":2,"o":{"a":0,"k":100}}],"ind":2,"tp":1},{"ty":0,"nm":"Magnifier","sr":1,"st":0,"op":60,"ip":0,"hd":false,"ddd":0,"bm":0,"hasMask":false,"ao":0,"ks":{"a":{"a":0,"k":[231.96903428571432,253.34821285714287]},"s":{"a":1,"k":[{"o":{"x":0.167,"y":0.167},"i":{"x":0.833,"y":0.833},"s":[100,100],"t":51},{"s":[600,600],"t":59}]},"sk":{"a":0,"k":0},"p":{"a":1,"k":[{"o":{"x":0.167,"y":0.167},"i":{"x":0.833,"y":0.833},"s":[329.55421428571435,319.75449285714285],"t":0},{"o":{"x":0.167,"y":0.167},"i":{"x":0.833,"y":0.833},"s":[370.84881428571435,236.60719285714282],"t":6},{"o":{"x":0.167,"y":0.167},"i":{"x":0.833,"y":0.833},"s":[200.64791428571434,148.99559285714284],"t":13},{"o":{"x":0.167,"y":0.167},"i":{"x":0.833,"y":0.833},"s":[138.14791428571434,310.8259928571428],"t":24},{"o":{"x":0.167,"y":0.167},"i":{"x":0.833,"y":0.833},"s":[329.55421428571435,259.4866928571428],"t":40},{"o":{"x":0.167,"y":0.167},"i":{"x":0.833,"y":0.833},"s":[260.91581428571436,240.5134928571428],"t":48},{"s":[257.56761428571434,239.39739285714285],"t":51}]},"r":{"a":0,"k":0},"sa":{"a":0,"k":0},"o":{"a":0,"k":100}},"w":500,"h":500,"refId":"precomp_newScene_e11dba1c-92e1-41b9-8302-eac1e9747034","ind":3}],"v":"5.7.0","fr":30,"op":60,"ip":0,"assets":[{"nm":"christmas socks","id":"precomp_christmas socks_f161ced8-60eb-42a3-81d9-a9c5395a5fe7_aa87589c-6456-44ad-82ef-ad5b7e30d095","fr":29.9700012207031,"layers":[{"ty":4,"nm":"Layer 3 Outlines","sr":1,"st":0,"op":150.000006109625,"ip":0,"hd":false,"ddd":0,"bm":0,"hasMask":false,"ao":0,"ks":{"a":{"a":0,"k":[202.9582114257812,104.2998039855957],"ix":1},"s":{"a":0,"k":[115.6401,100],"ix":6},"sk":{"a":0,"k":0},"p":{"a":0,"k":[330.6822,-58.3202],"ix":2},"r":{"a":0,"k":0,"ix":10},"sa":{"a":0,"k":0},"o":{"a":0,"k":100,"ix":11}},"shapes":[{"ty":"gr","bm":0,"hd":false,"mn":"ADBE Vector Group","nm":"Group 1","ix":1,"cix":2,"np":2,"it":[{"ty":"sh","bm":0,"hd":false,"mn":"ADBE Vector Shape - Group","nm":"Path 1","ix":1,"d":1,"ks":{"a":0,"k":{"c":true,"i":[[-8.824,-41.086],[0,0],[-19.989,1.64],[0,0],[-54.429,-2.126],[0,0],[-1.574,21.464],[0,0],[39.312,-4.898],[0,0],[67.116,5.282],[0,0]],"o":[[0,0],[4.211,19.609],[0,0],[54.287,-4.457],[0,0],[21.505,0.84],[0,0],[2.897,-39.51],[0,0],[-66.807,8.324],[0,0],[-41.893,-3.296]],"v":[[-191.63,-15.303],[-173.409,69.537],[-131.104,100.948],[-66.331,95.631],[96.891,92.132],[149.722,94.196],[191.103,57.217],[197.557,-30.793],[127.175,-97.691],[97.385,-93.98],[-104.017,-89.405],[-125.317,-91.081]]},"ix":2}},{"ty":"fl","bm":0,"hd":false,"mn":"ADBE Vector Graphic - Fill","nm":"Fill 1","c":{"a":0,"k":[0.8784,0.8784,0.8784],"ix":4},"r":1,"o":{"a":0,"k":100,"ix":5}},{"ty":"tr","a":{"a":0,"k":[0,0],"ix":1},"s":{"a":0,"k":[100,100],"ix":3},"sk":{"a":0,"k":0,"ix":4},"p":{"a":0,"k":[200.704,102.839],"ix":2},"r":{"a":0,"k":0,"ix":6},"sa":{"a":0,"k":0,"ix":5},"o":{"a":0,"k":100,"ix":7}}]}],"ind":1,"parent":2},{"ty":4,"nm":"Layer 2 Outlines","sr":1,"st":0,"op":150.000006109625,"ip":0,"hd":false,"ddd":0,"bm":0,"hasMask":false,"ao":0,"ks":{"a":{"a":0,"k":[340.441,336.87,0],"ix":1},"s":{"a":1,"k":[{"o":{"x":0.6735000000000001,"y":0},"i":{"x":0.31500000000000006,"y":1},"s":[100,100,100],"t":0},{"o":{"x":0.6735000000000001,"y":0},"i":{"x":0.31500000000000006,"y":1},"s":[90,86,100],"t":15},{"o":{"x":0.333,"y":0},"i":{"x":0.833,"y":1},"s":[100,100,100],"t":30},{"o":{"x":0.167,"y":0.167},"i":{"x":0.833,"y":0.833},"s":[100,96,100],"t":45},{"s":[100,96,100],"t":55.0000022401959}],"ix":6},"sk":{"a":0,"k":0},"p":{"a":0,"k":[665.83,790.836,0],"ix":2},"r":{"a":0,"k":0,"ix":10},"sa":{"a":0,"k":0},"o":{"a":0,"k":100,"ix":11}},"shapes":[{"ty":"gr","bm":0,"hd":false,"mn":"ADBE Vector Group","nm":"Group 1","ix":1,"cix":2,"np":2,"it":[{"ty":"sh","bm":0,"hd":false,"mn":"ADBE Vector Shape - Group","nm":"Path 1","ix":1,"d":1,"ks":{"a":0,"k":{"c":true,"i":[[-93.452,-9.345],[0,0],[0,0],[0,0],[0,0]],"o":[[0,0],[0,0],[0,0],[0,0],[92.663,-15.299]],"v":[[152.688,45.789],[152.325,-56.153],[-152.688,-46.714],[-136.143,56.153],[-127.703,54.76]]},"ix":2}},{"ty":"fl","bm":0,"hd":false,"mn":"ADBE Vector Graphic - Fill","nm":"Fill 1","c":{"a":0,"k":[0.3333,0.6863,0.9059],"ix":4},"r":1,"o":{"a":0,"k":100,"ix":5}},{"ty":"tr","a":{"a":0,"k":[0,0],"ix":1},"s":{"a":0,"k":[100,100],"ix":3},"sk":{"a":0,"k":0,"ix":4},"p":{"a":0,"k":[328.999,56.404],"ix":2},"r":{"a":0,"k":0,"ix":6},"sa":{"a":0,"k":0,"ix":5},"o":{"a":0,"k":100,"ix":7}}]},{"ty":"gr","bm":0,"hd":false,"mn":"ADBE Vector Group","nm":"Group 2","ix":2,"cix":2,"np":2,"it":[{"ty":"sh","bm":0,"hd":false,"mn":"ADBE Vector Shape - Group","nm":"Path 1","ix":1,"d":1,"ks":{"a":0,"k":{"c":true,"i":[[26.46,-4.615],[0,0],[37.695,-20.404],[0,0],[39.122,26.083],[-54.744,29.633],[0,0],[-38.208,6.664],[0,0],[2.021,40.891]],"o":[[0,0],[-42.226,7.365],[0,0],[-43.958,23.795],[33.233,52.258],[0,0],[34.109,-18.463],[0,0],[41.285,-7.201],[-13.207,21.137]],"v":[[181.668,-59.372],[76.98,-41.112],[-43.695,0.817],[-110.209,36.819],[-245.07,30.585],[-89.005,71.181],[-28.822,38.605],[80.37,0.666],[175.096,-15.856],[243.049,-100.814]]},"ix":2}},{"ty":"fl","bm":0,"hd":false,"mn":"ADBE Vector Graphic - Fill","nm":"Fill 1","c":{"a":0,"k":[0.3333,0.6863,0.9059],"ix":4},"r":1,"o":{"a":0,"k":100,"ix":5}},{"ty":"tr","a":{"a":0,"k":[-1.2371121215819585,-7.728412628173828],"ix":1},"s":{"a":0,"k":[100,100],"ix":3},"sk":{"a":0,"k":0,"ix":4},"p":{"a":0,"k":[293.989887878418,516.4995873718261],"ix":2},"r":{"a":0,"k":0,"ix":6},"sa":{"a":0,"k":0,"ix":5},"o":{"a":0,"k":100,"ix":7}}]},{"ty":"gr","bm":0,"hd":false,"mn":"ADBE Vector Group","nm":"Group 3","ix":3,"cix":2,"np":2,"it":[{"ty":"sh","bm":0,"hd":false,"mn":"ADBE Vector Shape - Group","nm":"Path 1","ix":1,"d":1,"ks":{"a":0,"k":{"c":true,"i":[[0,0],[0,0],[70.957,-42.943],[0,0],[-21.899,-36.286],[0,0],[-55.573,30.081],[0,0],[-38.208,6.664],[0,0],[7.309,44.493],[0,0],[10.914,17.379],[0.134,37.791],[0,0]],"o":[[0,0],[13.17,81.887],[0,0],[-36.259,21.943],[0,0],[32.652,54.102],[0,0],[34.109,-18.463],[0,0],[44.418,-7.747],[0,0],[-3.326,-20.251],[-20.098,-32.004],[0,0],[0,0]],"v":[[-96.13,-303.18],[-71.601,-150.67],[-167.206,55.852],[-224.3,90.405],[-250.292,195.801],[-223.846,239.621],[-66.219,282.539],[-6.036,249.963],[103.156,212.023],[197.882,195.501],[264.882,101.184],[262.25,85.166],[240.674,28.153],[209.716,-78.639],[208.883,-312.62]]},"ix":2}},{"ty":"fl","bm":0,"hd":false,"mn":"ADBE Vector Graphic - Fill","nm":"Fill 1","c":{"a":0,"k":[0.3333,0.6863,0.9059],"ix":4},"r":1,"o":{"a":0,"k":100,"ix":5}},{"ty":"tr","a":{"a":0,"k":[2.3966064453125,-7.930145263671875],"ix":1},"s":{"a":0,"k":[100,100],"ix":3},"sk":{"a":0,"k":0,"ix":4},"p":{"a":0,"k":[274.8376064453125,304.93985473632813],"ix":2},"r":{"a":0,"k":0,"ix":6},"sa":{"a":0,"k":0,"ix":5},"o":{"a":0,"k":100,"ix":7}}]}],"ind":2}]},{"nm":"Fish","id":"precomp_Fish_af20045a-4dde-4534-9464-83764bc2df9d","fr":29.9700012207031,"layers":[{"ty":4,"nm":"fish(2)_20230114ã¢ã¦ãã©ã¤ã³","sr":1,"st":0,"op":300.00001221925,"ip":0,"hd":false,"ddd":0,"bm":0,"hasMask":false,"ao":0,"ks":{"a":{"a":0,"k":[512,384,0],"ix":1},"s":{"a":0,"k":[100,100,100],"ix":6},"sk":{"a":0,"k":0},"p":{"a":1,"k":[{"o":{"x":0.167,"y":0.167},"i":{"x":0.833,"y":0.833},"s":[862.9018,564.1071],"t":0},{"s":[800,540,0],"t":222.000009042245}],"ix":2},"r":{"a":0,"k":0,"ix":10},"sa":{"a":0,"k":0},"o":{"a":0,"k":100,"ix":11}},"shapes":[{"ty":"gr","bm":0,"hd":false,"mn":"ADBE Vector Group","nm":"ã°ã«ã¼ã 1","ix":1,"cix":2,"np":2,"it":[{"ty":"sh","bm":0,"hd":false,"mn":"ADBE Vector Shape - Group","nm":"ãã¹ 1","ix":1,"d":1,"ks":{"a":0,"k":{"c":true,"i":[[-1.362,-1.373],[-5.793,-7.98],[1.137,1.566],[7.125,7.184]],"o":[[6.944,7.002],[1.123,1.548],[-5.944,-8.188],[-1.361,-1.373]],"v":[[-10.756,-10.275],[8.391,12.221],[10.982,10.707],[-8.635,-12.396]]},"ix":2}},{"ty":"fl","bm":0,"hd":false,"mn":"ADBE Vector Graphic - Fill","nm":"å¡ã 1","c":{"a":0,"k":[0,0,0],"ix":4},"r":1,"o":{"a":0,"k":100,"ix":5}},{"ty":"tr","a":{"a":0,"k":[0.0339360237121582,0.01908111572265625],"ix":1},"s":{"a":0,"k":[100,100],"ix":3},"sk":{"a":0,"k":0,"ix":4},"p":{"a":0,"k":[678.4959360237121,341.88308111572263],"ix":2},"r":{"a":0,"k":0,"ix":6},"sa":{"a":0,"k":0,"ix":5},"o":{"a":0,"k":100,"ix":7}}]},{"ty":"gr","bm":0,"hd":false,"mn":"ADBE Vector Group","nm":"ã°ã«ã¼ã 2","ix":2,"cix":2,"np":2,"it":[{"ty":"sh","bm":0,"hd":false,"mn":"ADBE Vector Shape - Group","nm":"ãã¹ 1","ix":1,"d":1,"ks":{"a":0,"k":{"c":true,"i":[[-1.934,0],[0,0],[1.934,0],[0,0]],"o":[[0,0],[1.931,0],[0,0],[-1.93,0]],"v":[[-7.042,1.5],[7.042,1.5],[7.042,-1.5],[-7.042,-1.5]]},"ix":2}},{"ty":"fl","bm":0,"hd":false,"mn":"ADBE Vector Graphic - Fill","nm":"å¡ã 1","c":{"a":0,"k":[0,0,0],"ix":4},"r":1,"o":{"a":0,"k":100,"ix":5}},{"ty":"tr","a":{"a":0,"k":[0.0001873970030601413,0.022050023078918457],"ix":1},"s":{"a":0,"k":[100,100],"ix":3},"sk":{"a":0,"k":0,"ix":4},"p":{"a":0,"k":[672.9121873970031,317.9530500230789],"ix":2},"r":{"a":0,"k":0,"ix":6},"sa":{"a":0,"k":0,"ix":5},"o":{"a":0,"k":100,"ix":7}}]},{"ty":"gr","bm":0,"hd":false,"mn":"ADBE Vector Group","nm":"ã°ã«ã¼ã 3","ix":3,"cix":2,"np":2,"it":[{"ty":"sh","bm":0,"hd":false,"mn":"ADBE Vector Shape - Group","nm":"ãã¹ 1","ix":1,"d":1,"ks":{"a":0,"k":{"c":true,"i":[[-0.102,1.924],[-6.388,6.577],[1.348,-1.388],[0.528,-9.962]],"o":[[0.485,-9.161],[1.346,-1.385],[-6.954,7.159],[-0.102,1.929]],"v":[[-4.491,13.052],[6.247,-11.473],[4.126,-13.594],[-7.491,13.052]]},"ix":2}},{"ty":"fl","bm":0,"hd":false,"mn":"ADBE Vector Graphic - Fill","nm":"å¡ã 1","c":{"a":0,"k":[0,0,0],"ix":4},"r":1,"o":{"a":0,"k":100,"ix":5}},{"ty":"tr","a":{"a":0,"k":[-0.40915608406066895,0.22875356674194336],"ix":1},"s":{"a":0,"k":[100,100],"ix":3},"sk":{"a":0,"k":0,"ix":4},"p":{"a":0,"k":[671.2968439159393,285.38175356674196],"ix":2},"r":{"a":0,"k":0,"ix":6},"sa":{"a":0,"k":0,"ix":5},"o":{"a":0,"k":100,"ix":7}}]},{"ty":"gr","bm":0,"hd":false,"mn":"ADBE Vector Group","nm":"ã°ã«ã¼ã 4","ix":4,"cix":2,"np":2,"it":[{"ty":"sh","bm":0,"hd":false,"mn":"ADBE Vector Shape - Group","nm":"ãã¹ 1","ix":1,"d":1,"ks":{"a":0,"k":{"c":true,"i":[[-1.883,0.428],[-3.639,-7.736],[5.369,-8.953],[4.904,-1.528],[-0.386,-0.914],[-2.723,-2.966],[-1.346,-4.435],[3.738,-9.671],[4.258,-1.978],[-1.742,0.809],[0.648,9.525],[1.803,5.935],[3.674,3.885],[5.115,-2.377],[-1.608,0.501],[-0.661,10.44],[2.386,5.609],[4.111,3.362],[5.818,-1.322]],"o":[[9.453,-2.148],[4.294,9.131],[-2.621,4.37],[0.385,0.914],[3.92,-1.822],[3.208,3.493],[2.872,9.454],[-1.676,4.337],[-1.75,0.812],[9.257,-4.299],[-0.423,-6.222],[-1.518,-5],[-3.743,-3.959],[-1.545,0.719],[10.324,-3.216],[0.387,-6.119],[-2.068,-4.861],[-4.509,-3.688],[-1.882,0.428]],"v":[[-16.49,-55.286],[4.622,-41.018],[4.776,-11.574],[-6.757,-2.155],[-5.601,0.587],[5.675,3.835],[11.618,16.53],[13.891,46.055],[4.919,56.102],[6.432,58.691],[18.521,33.9],[14.511,15.732],[7.672,1.577],[-7.115,-2.004],[-5.96,0.738],[11.289,-23.1],[7.899,-40.984],[-1.367,-53.734],[-17.288,-58.178]]},"ix":2}},{"ty":"fl","bm":0,"hd":false,"mn":"ADBE Vector Graphic - Fill","nm":"å¡ã 1","c":{"a":0,"k":[0,0,0],"ix":4},"r":1,"o":{"a":0,"k":100,"ix":5}},{"ty":"tr","a":{"a":0,"k":[0.113739013671875,0.12974929809570312],"ix":1},"s":{"a":0,"k":[100,100],"ix":3},"sk":{"a":0,"k":0,"ix":4},"p":{"a":0,"k":[540.6287390136719,313.0617492980957],"ix":2},"r":{"a":0,"k":0,"ix":6},"sa":{"a":0,"k":0,"ix":5},"o":{"a":0,"k":100,"ix":7}}]},{"ty":"gr","bm":0,"hd":false,"mn":"ADBE Vector Group","nm":"ã°ã«ã¼ã 5","ix":5,"cix":2,"np":2,"it":[{"ty":"sh","bm":0,"hd":false,"mn":"ADBE Vector Shape - Group","nm":"ãã¹ 1","ix":1,"d":1,"ks":{"a":0,"k":{"c":true,"i":[[-1.371,-1.364],[-4.473,-4.452],[-3.663,-4.391],[0.564,-5.093],[3.208,-4.18],[4.693,-4.883],[-1.34,1.395],[-3.913,5.007],[-1.358,5.674],[7.314,7.28],[5.416,5.389]],"o":[[4.473,4.452],[4.048,4.029],[3.152,3.78],[-0.601,5.427],[-4.125,5.373],[-1.338,1.393],[4.403,-4.582],[3.514,-4.496],[2.78,-11.61],[-5.415,-5.39],[-1.37,-1.364]],"v":[[-17.33,-34.432],[-3.91,-21.074],[8.095,-8.759],[13.329,4.743],[5.772,19.018],[-7.494,34.4],[-5.373,36.521],[7.119,22.137],[15.921,7.189],[1.037,-20.384],[-15.209,-36.552]]},"ix":2}},{"ty":"fl","bm":0,"hd":false,"mn":"ADBE Vector Graphic - Fill","nm":"å¡ã 1","c":{"a":0,"k":[0,0,0],"ix":4},"r":1,"o":{"a":0,"k":100,"ix":5}},{"ty":"tr","a":{"a":0,"k":[-0.6950674057006836,-0.008207321166992188],"ix":1},"s":{"a":0,"k":[100,100],"ix":3},"sk":{"a":0,"k":0,"ix":4},"p":{"a":0,"k":[526.8179325942994,292.573792678833],"ix":2},"r":{"a":0,"k":0,"ix":6},"sa":{"a":0,"k":0,"ix":5},"o":{"a":0,"k":100,"ix":7}}]},{"ty":"gr","bm":0,"hd":false,"mn":"ADBE Vector Group","nm":"ã°ã«ã¼ã 6","ix":6,"cix":2,"np":2,"it":[{"ty":"sh","bm":0,"hd":false,"mn":"ADBE Vector Shape - Group","nm":"ãã¹ 1","ix":1,"d":1,"ks":{"a":0,"k":{"c":true,"i":[[-0.745,-0.316],[-5.218,-8.416],[1.318,-5.132],[4.2,-4.294],[5.045,-5.22],[-1.345,1.391],[-4.287,13.1],[2.559,5.286],[4.06,2.946],[5.632,2.387],[0.454,-0.758]],"o":[[8.768,3.717],[2.791,4.502],[-1.514,5.896],[-5.075,5.189],[-1.343,1.389],[9.106,-9.42],[1.821,-5.567],[-2.211,-4.569],[-4.968,-3.605],[-0.751,-0.319],[-0.375,0.626]],"v":[[-14.821,-31.128],[9.233,-14.432],[11.479,0.5],[2.1,15.764],[-13.873,30.525],[-11.752,32.646],[13.913,2.87],[12.921,-13.954],[2.902,-25.09],[-13.307,-33.718],[-15.359,-33.18]]},"ix":2}},{"ty":"fl","bm":0,"hd":false,"mn":"ADBE Vector Graphic - Fill","nm":"å¡ã 1","c":{"a":0,"k":[0,0,0],"ix":4},"r":1,"o":{"a":0,"k":100,"ix":5}},{"ty":"tr","a":{"a":0,"k":[-0.23074626922607422,-0.39641380310058594],"ix":1},"s":{"a":0,"k":[100,100],"ix":3},"sk":{"a":0,"k":0,"ix":4},"p":{"a":0,"k":[528.714253730774,281.1065861968994],"ix":2},"r":{"a":0,"k":0,"ix":6},"sa":{"a":0,"k":0,"ix":5},"o":{"a":0,"k":100,"ix":7}}]},{"ty":"gr","bm":0,"hd":false,"mn":"ADBE Vector Group","nm":"ã°ã«ã¼ã 7","ix":7,"cix":2,"np":2,"it":[{"ty":"sh","bm":0,"hd":false,"mn":"ADBE Vector Shape - Group","nm":"ãã¹ 1","ix":1,"d":1,"ks":{"a":0,"k":{"c":true,"i":[[0,-9.665],[5.523,0],[0,9.665],[-5.523,0]],"o":[[0,9.665],[-5.523,0],[0,-9.665],[5.523,0]],"v":[[10,0],[0,17.5],[-10,0],[0,-17.5]]},"ix":2}},{"ty":"fl","bm":0,"hd":false,"mn":"ADBE Vector Graphic - Fill","nm":"å¡ã 1","c":{"a":0,"k":[0,0,0],"ix":4},"r":1,"o":{"a":0,"k":100,"ix":5}},{"ty":"tr","a":{"a":0,"k":[0,0],"ix":1},"s":{"a":0,"k":[100,100],"ix":3},"sk":{"a":0,"k":0,"ix":4},"p":{"a":0,"k":[323.771,306.811],"ix":2},"r":{"a":0,"k":0,"ix":6},"sa":{"a":0,"k":0,"ix":5},"o":{"a":0,"k":100,"ix":7}}]},{"ty":"gr","bm":0,"hd":false,"mn":"ADBE Vector Group","nm":"ã°ã«ã¼ã 8","ix":8,"cix":2,"np":2,"it":[{"ty":"sh","bm":0,"hd":false,"mn":"ADBE Vector Shape - Group","nm":"ãã¹ 1","ix":1,"d":1,"ks":{"a":0,"k":{"c":true,"i":[[-1.9,-0.214],[-1.986,-5.584],[5.418,-5.915],[3.682,1.078],[0.133,-0.982],[-3.216,-4.165],[-1.745,-5.693],[6.938,-10.516],[5.486,-0.022],[-1.722,-0.245],[-2.837,-4.301],[-0.889,-5.894],[2.611,-9.351],[4.251,-2.778],[-1.622,1.06],[-0.017,9.883],[0.753,5.389],[3.279,5.574],[6.369,0.906],[0.132,-0.982],[-3.463,4.12],[-0.304,5.892],[2.078,6.895],[3.713,5.433],[6.921,-0.336],[-1.666,-0.487],[-3.102,2.419],[-0.592,4.261],[1.439,4.631],[2.399,3.079],[4.359,0.491]],"o":[[6.52,0.734],[2.427,6.824],[-2.495,2.724],[-0.133,0.982],[5.403,-0.262],[3.695,4.784],[3.389,11.059],[-2.939,4.455],[-1.627,0.007],[5.188,0.739],[3.33,5.049],[1.422,9.438],[-1.347,4.825],[-1.61,1.052],[8.802,-5.751],[0.009,-5.45],[-0.883,-6.319],[-3.18,-5.404],[-0.133,0.982],[5.454,-0.022],[3.817,-4.542],[0.374,-7.267],[-1.876,-6.229],[-3.768,-5.513],[-1.667,0.08],[3.849,1.126],[3.422,-2.669],[0.674,-4.848],[-1.155,-3.715],[-2.663,-3.42],[-1.915,-0.216]],"v":[[-14.438,-88.612],[-2.045,-75.603],[-3.211,-53.466],[-13.078,-50.099],[-13.477,-47.151],[0.018,-40.103],[7.214,-23.664],[7.514,10.991],[-5.598,18.884],[-5.997,21.829],[6.295,30.221],[11.794,47.229],[11.931,76.232],[3.702,88.177],[5.216,90.767],[16.343,64.467],[14.944,48.215],[9.582,29.823],[-5.2,18.938],[-5.598,21.884],[8.273,14.953],[14.348,-1.072],[10.73,-22.414],[3.341,-40.599],[-13.477,-50.151],[-13.876,-47.206],[-2.943,-49.652],[3.038,-60.467],[1.344,-74.909],[-3.865,-85.315],[-14.438,-91.612]]},"ix":2}},{"ty":"fl","bm":0,"hd":false,"mn":"ADBE Vector Graphic - Fill","nm":"å¡ã 1","c":{"a":0,"k":[0,0,0],"ix":4},"r":1,"o":{"a":0,"k":100,"ix":5}},{"ty":"tr","a":{"a":0,"k":[0.23718786239624023,-0.3031654357910156],"ix":1},"s":{"a":0,"k":[100,100],"ix":3},"sk":{"a":0,"k":0,"ix":4},"p":{"a":0,"k":[400.25318786239626,326.446834564209],"ix":2},"r":{"a":0,"k":0,"ix":6},"sa":{"a":0,"k":0,"ix":5},"o":{"a":0,"k":100,"ix":7}}]},{"ty":"gr","bm":0,"hd":false,"mn":"ADBE Vector Group","nm":"ã°ã«ã¼ã 9","ix":9,"cix":2,"np":2,"it":[{"ty":"sh","bm":0,"hd":false,"mn":"ADBE Vector Shape - Group","nm":"ãã¹ 1","ix":1,"d":1,"ks":{"a":0,"k":{"c":true,"i":[[-1.17,-1.538],[8.084,-12.855],[-1.195,0.172],[-3.105,-2.981],[-2.284,-4.169],[0.089,-5.151],[4.161,-2.108],[4.896,-0.209],[-0.82,-0.996],[-3.393,-8.507],[-1.032,-4.382],[0.28,-4.62],[5.06,1.003],[-1.895,-0.376],[-1.848,4.031],[0.875,5.02],[4.915,8.918],[3.659,4.448],[0.353,-0.854],[-4.682,2.006],[-0.882,5.184],[2.518,5.071],[3.796,3.921],[6.009,-0.866],[-0.564,-0.735],[9.785,12.868]],"o":[[9.178,12.07],[-0.772,1.227],[4.456,-0.642],[3.446,3.309],[2.425,4.427],[-0.081,4.713],[-4.452,2.255],[-1.374,0.058],[5.817,7.072],[1.668,4.182],[1.053,4.475],[-0.252,4.157],[-1.886,-0.374],[4.469,0.886],[2.202,-4.804],[-1.749,-10.034],[-2.78,-5.046],[-0.353,0.854],[5.034,-0.215],[4.736,-2.029],[0.975,-5.733],[-2.418,-4.871],[-4.085,-4.219],[0.565,0.735],[8.594,-13.666],[-1.153,-1.517]],"v":[[-15.378,-75.685],[-13.432,-33.37],[-11.738,-31.167],[-0.125,-26.466],[8.245,-14.903],[12.829,-0.317],[5.975,10.378],[-8.646,13.161],[-9.707,15.721],[4.247,39.302],[8.309,52.171],[10.133,66.054],[1.914,74.937],[1.116,77.83],[11.77,71.855],[12.26,56.542],[2.122,27.849],[-7.586,13.6],[-8.646,16.161],[6.268,13.532],[15.574,2.345],[11.984,-14.22],[2.78,-27.806],[-12.536,-34.06],[-10.842,-31.856],[-12.788,-77.199]]},"ix":2}},{"ty":"fl","bm":0,"hd":false,"mn":"ADBE Vector Graphic - Fill","nm":"å¡ã 1","c":{"a":0,"k":[0,0,0],"ix":4},"r":1,"o":{"a":0,"k":100,"ix":5}},{"ty":"tr","a":{"a":0,"k":[0.07407951354980469,0.07759094238286934],"ix":1},"s":{"a":0,"k":[100,100],"ix":3},"sk":{"a":0,"k":0,"ix":4},"p":{"a":0,"k":[464.5910795135498,318.53759094238285],"ix":2},"r":{"a":0,"k":0,"ix":6},"sa":{"a":0,"k":0,"ix":5},"o":{"a":0,"k":100,"ix":7}}]},{"ty":"gr","bm":0,"hd":false,"mn":"ADBE Vector Group","nm":"ã°ã«ã¼ã 10","ix":10,"cix":2,"np":2,"it":[{"ty":"sh","bm":0,"hd":false,"mn":"ADBE Vector Shape - Group","nm":"ãã¹ 1","ix":1,"d":1,"ks":{"a":0,"k":{"c":true,"i":[[77.473,412.934],[92.153,-14.328],[0,59.503],[-124.075,-14.773]],"o":[[-13.006,-69.321],[-124.013,19.281],[0,-59.502],[116.861,13.915]],"v":[[169.513,-171.807],[-19.744,19.508],[-246.987,-88.23],[-19.744,-195.969]]},"ix":2}},{"ty":"fl","bm":0,"hd":false,"mn":"ADBE Vector Graphic - Fill","nm":"å¡ã 1","c":{"a":0,"k":[0.3333,0.6863,0.9059],"ix":4},"r":1,"o":{"a":0,"k":100,"ix":5}},{"ty":"tr","a":{"a":0,"k":[-28.094223022460938,-87.68274879455566],"ix":1},"s":{"a":0,"k":[100,100],"ix":3},"sk":{"a":0,"k":0,"ix":4},"p":{"a":0,"k":[504.6637769775391,323.93525120544433],"ix":2},"r":{"a":0,"k":0,"ix":6},"sa":{"a":0,"k":0,"ix":5},"o":{"a":0,"k":100,"ix":7}}]}],"ind":1}]},{"nm":"Nested Scene 4","id":"precomp_newScene_a141e3c3-45e3-495d-9e52-5fb171859c5c","layers":[{"ty":0,"nm":"Fish1","sr":1,"st":0,"op":300.00001221925,"ip":0,"hd":false,"ddd":0,"bm":0,"hasMask":false,"ao":0,"ks":{"a":{"a":0,"k":[855.5655769775392,504.0423512054443]},"s":{"a":0,"k":[14.1119,15.5908]},"sk":{"a":0,"k":0},"p":{"a":1,"k":[{"o":{"x":0.167,"y":0.167},"i":{"x":0.833,"y":0.833},"s":[444.586,300.3645],"t":0},{"o":{"x":0.167,"y":0.167},"i":{"x":0.833,"y":0.833},"s":[422.0683,301.8257],"t":2},{"o":{"x":0.167,"y":0.167},"i":{"x":0.833,"y":0.833},"s":[383.2503,287.7004],"t":6},{"o":{"x":0.167,"y":0.167},"i":{"x":0.833,"y":0.833},"s":[354.6609,284.4055],"t":10},{"o":{"x":0.167,"y":0.167},"i":{"x":0.833,"y":0.833},"s":[331.4868,297.9577],"t":15},{"o":{"x":0.167,"y":0.167},"i":{"x":0.833,"y":0.833},"s":[320.6565,290.1358],"t":18},{"o":{"x":0.167,"y":0.167},"i":{"x":0.833,"y":0.833},"s":[314.038,287.7291],"t":23},{"o":{"x":0.167,"y":0.167},"i":{"x":0.833,"y":0.833},"s":[308.6228,293.7459],"t":27},{"o":{"x":0.167,"y":0.167},"i":{"x":0.833,"y":0.833},"s":[305.6144,297.356],"t":38},{"o":{"x":0.167,"y":0.167},"i":{"x":0.833,"y":0.833},"s":[303.8093,306.983],"t":41},{"o":{"x":0.167,"y":0.167},"i":{"x":0.833,"y":0.833},"s":[300.1992,299.7628],"t":42},{"o":{"x":0.167,"y":0.167},"i":{"x":0.833,"y":0.833},"s":[297.1908,294.9493],"t":48},{"o":{"x":0.167,"y":0.167},"i":{"x":0.833,"y":0.833},"s":[288.7672,292.5426],"t":49},{"s":[277.8154,297.3561],"t":50}]},"r":{"a":0,"k":351},"sa":{"a":0,"k":0},"o":{"a":0,"k":100}},"w":1920,"h":1080,"refId":"precomp_Fish_af20045a-4dde-4534-9464-83764bc2df9d","ind":1},{"ty":0,"nm":"Fish2","sr":1,"st":0,"op":300.00001221925,"ip":0,"hd":false,"ddd":0,"bm":0,"hasMask":false,"ao":0,"ks":{"a":{"a":0,"k":[855.5655769775392,504.0423512054443]},"s":{"a":0,"k":[14.1119,15.5908]},"sk":{"a":0,"k":0},"p":{"a":1,"k":[{"o":{"x":0.167,"y":0.167},"i":{"x":0.833,"y":0.833},"s":[459.0069,216.8176],"t":0},{"o":{"x":0.167,"y":0.167},"i":{"x":0.833,"y":0.833},"s":[438.8959,213.4653],"t":2},{"o":{"x":0.167,"y":0.167},"i":{"x":0.833,"y":0.833},"s":[398.7369,206.9647],"t":6},{"o":{"x":0.167,"y":0.167},"i":{"x":0.833,"y":0.833},"s":[367.8096,229.6429],"t":10},{"o":{"x":0.167,"y":0.167},"i":{"x":0.833,"y":0.833},"s":[356.1363,222.8344],"t":15},{"o":{"x":0.167,"y":0.167},"i":{"x":0.833,"y":0.833},"s":[343.5009,216.2159],"t":18},{"o":{"x":0.167,"y":0.167},"i":{"x":0.833,"y":0.833},"s":[339.8908,229.6429],"t":23},{"o":{"x":0.167,"y":0.167},"i":{"x":0.833,"y":0.833},"s":[347.111,220.6176],"t":29},{"o":{"x":0.167,"y":0.167},"i":{"x":0.833,"y":0.833},"s":[351.9245,236.8993],"t":38},{"o":{"x":0.167,"y":0.167},"i":{"x":0.833,"y":0.833},"s":[351.9245,257.3566],"t":41},{"o":{"x":0.167,"y":0.167},"i":{"x":0.833,"y":0.833},"s":[347.111,250.8827],"t":42},{"o":{"x":0.167,"y":0.167},"i":{"x":0.833,"y":0.833},"s":[344.7043,237.1095],"t":48},{"s":[339.2891,236.1007],"t":49}]},"r":{"a":0,"k":6},"sa":{"a":0,"k":0},"o":{"a":0,"k":100}},"w":1920,"h":1080,"refId":"precomp_Fish_af20045a-4dde-4534-9464-83764bc2df9d","ind":2},{"ty":0,"nm":"Fish3","sr":1,"st":0,"op":60,"ip":0,"hd":false,"ddd":0,"bm":0,"hasMask":false,"ao":0,"ks":{"a":{"a":0,"k":[855.5655769775392,504.0423512054443]},"s":{"a":0,"k":[14.1119,15.5908]},"sk":{"a":0,"k":0},"p":{"a":1,"k":[{"o":{"x":0.167,"y":0.167},"i":{"x":0.833,"y":0.833},"s":[426.4976,149.3611],"t":0},{"o":{"x":0.167,"y":0.167},"i":{"x":0.833,"y":0.833},"s":[387.3881,160.1914],"t":2},{"o":{"x":0.167,"y":0.167},"i":{"x":0.833,"y":0.833},"s":[336.2449,181.852],"t":6},{"o":{"x":0.167,"y":0.167},"i":{"x":0.833,"y":0.833},"s":[293.5253,175.2335],"t":10},{"o":{"x":0.167,"y":0.167},"i":{"x":0.833,"y":0.833},"s":[268.8562,175.8352],"t":15},{"o":{"x":0.167,"y":0.167},"i":{"x":0.833,"y":0.833},"s":[267.6528,181.852],"t":18},{"o":{"x":0.167,"y":0.167},"i":{"x":0.833,"y":0.833},"s":[265.8477,176.4368],"t":23},{"o":{"x":0.167,"y":0.167},"i":{"x":0.833,"y":0.833},"s":[277.8154,173.4284],"t":38},{"o":{"x":0.167,"y":0.167},"i":{"x":0.833,"y":0.833},"s":[277.8154,181.852],"t":41},{"o":{"x":0.167,"y":0.167},"i":{"x":0.833,"y":0.833},"s":[266.9851,192.0806],"t":48},{"s":[261.5699,184.8604],"t":49}]},"r":{"a":0,"k":-9},"sa":{"a":0,"k":0},"o":{"a":0,"k":100}},"w":1920,"h":1080,"refId":"precomp_Fish_af20045a-4dde-4534-9464-83764bc2df9d","ind":3},{"ty":0,"nm":"Fish4","sr":1,"st":0,"op":300.00001221925,"ip":0,"hd":false,"ddd":0,"bm":0,"hasMask":false,"ao":0,"ks":{"a":{"a":0,"k":[855.5655769775392,504.0423512054443]},"s":{"a":0,"k":[14.1119,15.5908]},"sk":{"a":0,"k":0},"p":{"a":1,"k":[{"o":{"x":0.167,"y":0.167},"i":{"x":0.833,"y":0.833},"s":[312.3712,303.2205],"t":0},{"o":{"x":0.167,"y":0.167},"i":{"x":0.833,"y":0.833},"s":[297.2014,307.8621],"t":1},{"o":{"x":0.167,"y":0.167},"i":{"x":0.833,"y":0.833},"s":[267.4635,297.2434],"t":3},{"o":{"x":0.167,"y":0.167},"i":{"x":0.833,"y":0.833},"s":[235.0999,316.5339],"t":8},{"o":{"x":0.167,"y":0.167},"i":{"x":0.833,"y":0.833},"s":[202.2804,305.6272],"t":15},{"o":{"x":0.167,"y":0.167},"i":{"x":0.833,"y":0.833},"s":[190.2467,312.8474],"t":18},{"o":{"x":0.167,"y":0.167},"i":{"x":0.833,"y":0.833},"s":[181.3636,313.3944],"t":22},{"o":{"x":0.167,"y":0.167},"i":{"x":0.833,"y":0.833},"s":[208.8387,314.3516],"t":29},{"o":{"x":0.167,"y":0.167},"i":{"x":0.833,"y":0.833},"s":[213.7124,303.2204],"t":38},{"s":[196.2635,291.7884],"t":48}]},"r":{"a":1,"k":[{"o":{"x":0.167,"y":0.167},"i":{"x":0.833,"y":0.833},"s":[-3],"t":0},{"o":{"x":0.167,"y":0.167},"i":{"x":0.833,"y":0.833},"s":[15],"t":1},{"s":[-6],"t":8}]},"sa":{"a":0,"k":0},"o":{"a":0,"k":100}},"w":1920,"h":1080,"refId":"precomp_Fish_af20045a-4dde-4534-9464-83764bc2df9d","ind":4},{"ty":0,"nm":"Fish5","sr":1,"st":0,"op":300.00001221925,"ip":0,"hd":false,"ddd":0,"bm":0,"hasMask":false,"ao":0,"ks":{"a":{"a":0,"k":[855.5655769775392,504.0423512054443]},"s":{"a":0,"k":[14.1119,15.5908]},"sk":{"a":0,"k":0},"p":{"a":1,"k":[{"o":{"x":0.167,"y":0.167},"i":{"x":0.833,"y":0.833},"s":[267.7095,240.6425],"t":0},{"o":{"x":0.167,"y":0.167},"i":{"x":0.833,"y":0.833},"s":[255.5481,235.5352],"t":1},{"o":{"x":0.167,"y":0.167},"i":{"x":0.833,"y":0.833},"s":[240.3895,250],"t":3},{"o":{"x":0.167,"y":0.167},"i":{"x":0.833,"y":0.833},"s":[218.5278,259.3118],"t":8},{"o":{"x":0.167,"y":0.167},"i":{"x":0.833,"y":0.833},"s":[164.8389,246.6593],"t":15},{"o":{"x":0.167,"y":0.167},"i":{"x":0.833,"y":0.833},"s":[152.9314,242.1781],"t":18},{"o":{"x":0.167,"y":0.167},"i":{"x":0.833,"y":0.833},"s":[156.429,266.134],"t":22},{"s":[170.4192,243.8691],"t":38}]},"r":{"a":0,"k":-358},"sa":{"a":0,"k":0},"o":{"a":0,"k":100}},"w":1920,"h":1080,"refId":"precomp_Fish_af20045a-4dde-4534-9464-83764bc2df9d","ind":5},{"ty":0,"nm":"Fish6","sr":1,"st":0,"op":300.00001221925,"ip":0,"hd":false,"ddd":0,"bm":0,"hasMask":false,"ao":0,"ks":{"a":{"a":0,"k":[855.5655769775392,504.0423512054443]},"s":{"a":0,"k":[14.1119,15.5908]},"sk":{"a":0,"k":0},"p":{"a":1,"k":[{"o":{"x":0.167,"y":0.167},"i":{"x":0.833,"y":0.833},"s":[341.115,166.0336],"t":0},{"o":{"x":0.167,"y":0.167},"i":{"x":0.833,"y":0.833},"s":[291.0476,179.0987],"t":2},{"o":{"x":0.167,"y":0.167},"i":{"x":0.833,"y":0.833},"s":[263.2636,187.6871],"t":3},{"o":{"x":0.167,"y":0.167},"i":{"x":0.833,"y":0.833},"s":[202.5531,190.9722],"t":8},{"o":{"x":0.167,"y":0.167},"i":{"x":0.833,"y":0.833},"s":[178.076,187.6942],"t":15},{"o":{"x":0.167,"y":0.167},"i":{"x":0.833,"y":0.833},"s":[164.3634,190.3387],"t":18},{"o":{"x":0.167,"y":0.167},"i":{"x":0.833,"y":0.833},"s":[168.222,205.4972],"t":22},{"s":[183.6563,184.904],"t":38}]},"r":{"a":1,"k":[{"o":{"x":0.167,"y":0.167},"i":{"x":0.833,"y":0.833},"s":[-1],"t":0},{"o":{"x":0.167,"y":0.167},"i":{"x":0.833,"y":0.833},"s":[-12],"t":2},{"s":[-8],"t":3}]},"sa":{"a":0,"k":0},"o":{"a":0,"k":100}},"w":1920,"h":1080,"refId":"precomp_Fish_af20045a-4dde-4534-9464-83764bc2df9d","ind":6},{"ty":0,"nm":"Sock","sr":1,"st":0,"op":62.0000025253118,"ip":0,"hd":false,"ddd":0,"bm":0,"hasMask":false,"ao":0,"ks":{"a":{"a":0,"k":[609.2807035229799,679.8529281219483]},"s":{"a":0,"k":[12.2783,10.0913]},"sk":{"a":0,"k":0},"p":{"a":1,"k":[{"o":{"x":0.167,"y":0.167},"i":{"x":0.833,"y":0.833},"s":[360.3813,236.1409],"t":0},{"o":{"x":0.167,"y":0.167},"i":{"x":0.833,"y":0.833},"s":[343.2788,239.4071],"t":2},{"o":{"x":0.167,"y":0.167},"i":{"x":0.833,"y":0.833},"s":[257.5107,242.1577],"t":15},{"o":{"x":0.167,"y":0.167},"i":{"x":0.833,"y":0.833},"s":[263.091,239.3675],"t":38},{"o":{"x":0.167,"y":0.167},"i":{"x":0.833,"y":0.833},"s":[262.4893,234.554],"t":40},{"o":{"x":0.167,"y":0.167},"i":{"x":0.833,"y":0.833},"s":[259.4809,238.7658],"t":41},{"s":[258.8792,242.3759],"t":48}]},"r":{"a":1,"k":[{"o":{"x":0.167,"y":0.167},"i":{"x":0.833,"y":0.833},"s":[-270],"t":0},{"s":[-285],"t":2}]},"sa":{"a":0,"k":0},"o":{"a":0,"k":100}},"w":1219,"h":1360,"refId":"precomp_christmas socks_f161ced8-60eb-42a3-81d9-a9c5395a5fe7_aa87589c-6456-44ad-82ef-ad5b7e30d095","ind":7}]},{"nm":"Nested Scene 4_1","id":"precomp_newScene_e11dba1c-92e1-41b9-8302-eac1e9747034","layers":[{"ty":4,"nm":"Rectangle 1","sr":1,"st":0,"op":150,"ip":0,"hd":false,"ddd":0,"bm":0,"hasMask":false,"ao":0,"ks":{"a":{"a":0,"k":[0,0.02204990386966088]},"s":{"a":0,"k":[35.645900000000005,113.792]},"sk":{"a":0,"k":0},"p":{"a":0,"k":[328.6629,360.19235000000003]},"r":{"a":0,"k":48},"sa":{"a":0,"k":0},"o":{"a":0,"k":100}},"shapes":[{"ty":"rc","bm":0,"hd":false,"nm":"Rectangle Path 3","d":1,"p":{"a":0,"k":[0,0]},"r":{"a":0,"k":0},"s":{"a":0,"k":[174.00000000000003,28.872672071273826]}},{"ty":"fl","bm":0,"hd":false,"nm":"Fill","c":{"a":0,"k":[0.9176,0.8667,0.2941]},"r":1,"o":{"a":0,"k":100}},{"ty":"st","bm":0,"hd":false,"nm":"Stroke","lc":2,"lj":2,"ml":1,"o":{"a":0,"k":100},"w":{"a":0,"k":10},"c":{"a":0,"k":[0.0941,0.1176,0.4902]}}],"ind":1},{"ty":4,"nm":"Ellipse 3","sr":1,"st":0,"op":150,"ip":0,"hd":false,"ddd":0,"bm":0,"hasMask":false,"ao":0,"ks":{"a":{"a":0,"k":[0,0]},"s":{"a":0,"k":[117.7098,117.7098]},"sk":{"a":0,"k":0},"p":{"a":0,"k":[350.8474,384.61725]},"r":{"a":0,"k":0},"sa":{"a":0,"k":0},"o":{"a":0,"k":100}},"shapes":[{"ty":"el","bm":0,"hd":false,"nm":"Ellipse Path 2","d":1,"p":{"a":0,"k":[0,0]},"s":{"a":0,"k":[28.000000000000004,28.000000000000004]}},{"ty":"st","bm":0,"hd":false,"nm":"Stroke","lc":2,"lj":2,"ml":1,"o":{"a":0,"k":100},"w":{"a":0,"k":4},"c":{"a":0,"k":[0.0941,0.1176,0.4902]}}],"ind":2},{"ty":4,"nm":"Ellipse 2","sr":1,"st":0,"op":150,"ip":0,"hd":false,"ddd":0,"bm":0,"hasMask":false,"ao":0,"ks":{"a":{"a":0,"k":[0,0]},"s":{"a":0,"k":[139.3961,139.3961]},"sk":{"a":0,"k":0},"p":{"a":0,"k":[305.81269999999995,335.44635000000005]},"r":{"a":0,"k":0},"sa":{"a":0,"k":0},"o":{"a":0,"k":100}},"shapes":[{"ty":"el","bm":0,"hd":false,"nm":"Ellipse Path 2","d":1,"p":{"a":0,"k":[0,0]},"s":{"a":0,"k":[28.000000000000004,28.000000000000004]}},{"ty":"st","bm":0,"hd":false,"nm":"Stroke","lc":2,"lj":2,"ml":1,"o":{"a":0,"k":100},"w":{"a":0,"k":4},"c":{"a":0,"k":[0.0941,0.1176,0.4902]}}],"ind":3},{"ty":4,"nm":"Ellipse 1","sr":1,"st":0,"op":150,"ip":0,"hd":false,"ddd":0,"bm":0,"hasMask":false,"ao":0,"ks":{"a":{"a":0,"k":[0,0]},"s":{"a":0,"k":[113.23840000000001,113.23840000000001]},"sk":{"a":0,"k":0},"p":{"a":0,"k":[235.0789,254.11205]},"r":{"a":0,"k":0},"sa":{"a":0,"k":0},"o":{"a":0,"k":100}},"shapes":[{"ty":"el","bm":0,"hd":false,"nm":"Ellipse Path 1","d":1,"p":{"a":0,"k":[0,0]},"s":{"a":0,"k":[146,146]}},{"ty":"st","bm":0,"hd":false,"nm":"Stroke","lc":2,"lj":2,"ml":1,"o":{"a":0,"k":100},"w":{"a":0,"k":10},"c":{"a":0,"k":[0.0941,0.1176,0.4902]}}],"ind":4}]}],"markers":[{"cm":"1","tm":104.000004236007,"dr":0}]}